날짜,보령머드,강경젓갈축제,음성품바축제,강경젓갈축제,지용제,천안흥타령축제,강경젓갈축제,금산인삼축제,서산해미읍성축제,석장리세계구석기축제,한산모시문화제,강경젓갈축제,괴산고추축제,영동난계국악축제
2016-01-04,1.310927496,0.02930930116,0.28,0.03,0.00,0.5291144166,0.02931477876,0.3336621582,0,0.8320745971,0.01814479882,0.02931698743,0.01954223218,0
2016-01-11,1.447748045,0.02092394953,0.43,0.02,0.00,0.5765851822,0.02093038483,0.4327856864,0.00977159292,0.4662824622,0.006979888516,0.02093966555,0.01814479882,0.006979888516
2016-01-18,1.375145095,0.02791612361,0.27,0.03,0.00,0.4997996379,0.02790717978,0.4285832895,0,0.2261542361,0.01814479882,0.02791955406,0.02512468734,0
2016-01-25,1.426797809,0.01395806181,0.27,0.01,0.00,0.4132425006,0.01395358989,0.5416808075,0,0.08235474033,0,0.01395977703,0.04746178625,0
2016-02-01,1.292789902,0.01813759444,0.35,0.02,0.00,0.3336621582,0.01813558686,0.3517977451,0.02931477876,0.1772962715,0.02233709891,0.01814479882,0.02931698743,0
2016-02-08,1.482656343,0.01535123935,0.32,0.02,0.00,0.3490233471,0.01534078888,0.3797253249,0.1074875221,0.2792145977,0.02233709891,0.0153499321,0.00837004358,0
2016-02-15,1.761870152,0.05583224723,0.32,0.06,0.01,0.4397624814,0.05583475954,0.4648952632,0.2122006462,0.1493686918,0.04746178625,0.05583910813,0.0795736404,0
2016-02-22,2.096942494,0.0474468956,0.41,0.05,0.00,0.5179352247,0.04745036562,0.4327856864,0.04745036562,0.1633426816,0.04467419782,0.04746178625,0.04885921961,0
2016-02-29,2.60232422,0.07956883821,0.52,0.08,0.04,0.6645295185,0.07955994235,0.4914152439,0.01534078888,0.1507762908,0.06561386337,0.0795736404,0,0
2016-03-07,3.481866118,0.1354010854,0.68,0.14,0.04,0.8083290143,0.1354151019,0.6268303458,0.02372518281,0.2205646402,0.2052261903,0.1354200268,0.1228504049,0.01674736546
2016-03-14,4.158976691,0.1968323292,0.73,0.20,0.06,1.157352361,0.1968394574,0.7161822811,0.09353393223,0.4020633087,0.1284401383,0.1968488684,0.1270427049,0.07817620704
2016-03-21,4.947778045,0.1828742674,0.82,0.18,0.10,1.410046978,0.1828858675,1.000986475,0.365771735,0.362976937,0.1005133059,0.1828890914,0.1535648256,0.07538861861
2016-03-28,5.393121704,0.1200498461,1.17,0.12,0.17,1.676715585,0.120053913,1.026119257,0.2917809886,0.4942100419,0.2024313236,0.1200628164,0.104705606,0.04048189773
2016-04-04,6.045102508,0.1577444989,1.74,0.16,0.21,1.680897582,0.1577530857,0.9842380869,0.2833965947,0.850210184,0.2024313236,0.1577571257,0.1800942246,0.01814479882
2016-04-11,6.779464792,0.1382137269,1.86,0.14,0.26,1.553846474,0.1382098999,1.074997621,0.1451866948,1.051252038,0.1270427049,0.1382076153,0.1898689799,0.03489944258
2016-04-18,6.223797243,0.1186566685,2.30,0.12,0.45,1.248111896,0.118666714,1.073590022,0.1703194766,1.277426674,0.1800942246,0.1186653831,0.1856766798,0.02931698743
2016-04-25,9.173784976,0.08795418984,2.38,0.09,0.51,1.417023773,0.08794433628,1.126650384,0.3169137704,3.286417219,0.1647370143,0.08795096228,0.1759019246,0.04467419782
2016-05-02,12.59421985,0.1354010854,3.51,0.14,0.75,1.841445466,0.1354151019,1.047070041,0.2135878452,15.06253309,0.259667865,0.1354200268,0.1507772372,0.07259375188
2016-05-09,13.56592176,0.1144771359,5.10,0.11,3.38,2.013172541,0.1144643171,1.13221958,0.127030708,1.358394216,0.3294740285,0.1144803613,0.2638601651,0.07817620704
2016-05-16,13.87026534,0.1326147304,9.31,0.13,0.41,1.812130687,0.1326203039,1.081974416,0.1395970989,0.3741357289,0.5095755314,0.1326251601,0.2485029547,0.06840873009
2016-05-23,18.18002064,0.1046986067,38.64,0.10,0.12,1.750706332,0.1046927241,0.9591053051,0.1675246786,0.247105021,1.020548496,0.104705606,0.3546059941,0.05863397485
2016-05-30,29.29718314,0.1033054292,6.13,0.10,0.04,1.460312542,0.1033055251,1.153170364,0.2680354058,0.1675246786,2.740541504,0.1033081727,0.3881152817,0.2024313236
2016-06-06,35.90633855,0.09352690002,2.16,0.09,0.03,1.414249375,0.09353393223,1.059636432,0.1996342554,0.2010214543,0.5724018064,0.09353341743,0.3252890067,0.07119631852
2016-06-13,43.30008949,0.08374837084,1.09,0.08,0.04,1.25647589,0.08376233931,1.059636432,0.2526742169,0.07955994235,0.259667865,0.08376594049,0.3113292297,0.2666550319
2016-06-20,48.616455,0.136794263,0.97,0.14,0.03,1.440769356,0.1368023009,0.8683661708,0.1549582877,0.03210957673,0.3587910159,0.1368174602,0.3378513504,0.2191859673
2016-06-27,64.44126957,0.1060917843,0.77,0.11,0.01,1.472878933,0.1061003231,0.971671696,0.122848711,0.2247670371,0.09772571752,0.1061030394,0.2666550319,0.06281899664
2016-07-04,96.24028415,0.1717025607,0.60,0.17,0.02,1.041480445,0.1717066756,0.9954172788,0.2135878452,0.05303996157,0.0376943093,0.1717169028,0.3601884493,0.2024313236
2016-07-11,214.6255459,0.136794263,0.58,0.14,0.03,1.181097944,0.1368023009,1.447746151,0.1284383069,0.0376787727,0.02372725397,0.1368174602,0.3839229816,0.1451875038
2016-07-18,157.1578134,0.1759083797,0.54,0.18,0.00,1.114083993,0.1758886726,1.400275385,0.1116695191,0.02093038483,0.04327676446,0.1759019246,0.5277203303,0.1270427049
2016-07-25,72.29852806,0.1060917843,0.53,0.11,0.01,1.202028329,0.1061003231,1.754888328,0.07258314741,0.00977159292,0.05583910813,0.1061030394,0.7720382632,0.1256452716
2016-08-01,23.82167996,0.2010381482,0.48,0.20,0.00,1.203435928,0.2010214543,2.462706616,0.04326836865,0.02093038483,0.01814479882,0.2010338902,1.555255993,0.1284401383
2016-08-08,11.4201129,0.2093972135,0.57,0.21,0.00,1.181097944,0.2094058483,2.765666796,0.05303996157,0.05165276257,0.009767476943,0.2094112121,2.034117104,0.168922036
2016-08-15,6.338300665,0.3043435774,0.64,0.30,0.01,1.482650526,0.3043473795,4.399114013,0.07955994235,0.01674838786,0.00837004358,0.3043493412,3.703853459,0.2345431777
2016-08-22,3.604728606,0.4676870728,0.74,0.47,0.00,1.867965447,0.4676900611,7.843284317,0.1675246786,0.02231758383,0.006979888516,0.4676889221,6.670575375,0.245708088
2016-08-29,2.896889268,0.7496872368,2.55,0.75,0.02,3.305960405,0.7496994568,12.94464742,0.4285832895,0.02372518281,0.02233709891,0.7497011643,20.70279331,0.4272070243
2016-09-05,3.371568515,1.341629975,0.62,1.34,0.00,5.169764254,1.341645828,14.67162857,0.5626111924,0.03488397472,0.02931698743,1.341652481,2.708436928,0.403472492
2016-09-12,2.264465522,1.766049685,0.71,1.77,0.01,5.793820202,1.76606752,19.27596643,1.42122617,0.07678554436,0.0153499321,1.766064639,0.7427212758,0.3587910159
2016-09-19,3.613087671,4.276240182,0.54,4.28,0.02,15.91835327,4.276244902,60.48332458,1.383526998,0.08235474033,0.0376943093,4.276255265,0.9214253454,0.7608733529
2016-09-26,3.204045487,6.18610259,0.60,6.19,0.05,77.51716943,6.186111918,51.24531367,2.010377743,0.1703194766,0.009767476943,6.186124531,0.5863615834,1.079182471
2016-10-03,3.081183,11.20790305,0.55,11.21,0.02,10.46517202,11.20789468,21.82945298,13.68039329,0.2094058483,0.04327676446,11.20790322,0.4202198575,1.858207901
2016-10-10,4.232972819,29.33766415,0.50,29.34,0.01,2.256095565,29.33768794,7.795833951,2.364990686,4.179916171,0.03070714249,29.33768691,0.335063762,8.704692479
2016-10-17,3.130049359,4.982686342,0.43,4.98,0.00,1.666943992,4.98267599,4.459130769,0.8669789718,0.6310327428,0.02512468734,4.982686943,0.231748311,1.007978874
2016-10-24,3.029530285,2.112293734,0.26,2.11,0.01,1.6557648,2.11229607,1.909867016,0.4411496804,0.1423918968,0.006979888516,2.112300589,0.1256452716,0.2149936672
2016-10-31,2.849442373,1.174106947,0.27,1.17,0.00,1.137809176,1.174121149,1.636221614,0.07678554436,0.1061003231,0.01395977703,1.1741206,0.08934839564,0.08655352892
2016-11-07,2.807541901,1.41144657,0.21,1.41,0.00,1.019142462,1.411454577,1.069408025,0.04047357067,0.12423591,0.01814479882,1.411458645,0.08795096228,0.1144803613
2016-11-14,2.72379353,0.8208970097,0.18,0.82,0.01,0.8809325617,0.8208954052,1.148988367,0.01395358989,0.05862955752,0.03350200922,0.8209047611,0.1074931945,0.0795736404
2016-11-21,2.595332046,0.2443055112,0.14,0.24,0.01,0.7413150629,0.244310223,0.7650606457,0.01813558686,0.07678554436,0.03489944258,0.2443106547,0.08795096228,0.04187933109
2016-11-28,2.242122109,0.2066108584,0.15,0.21,0.02,0.8809325617,0.2066110503,0.5249324197,0.00836399394,0.1354151019,0.02233709891,0.2066163453,0.08795096228,0.1074931945
2016-12-05,1.678095495,0.1116644945,0.09,0.11,0.01,0.8208954052,0.1116695191,0.4188116965,0.01395358989,0.1033055251,0,0.1116854946,0.00837004358,0.03629687594
2016-12-12,1.544087587,0.07257666412,0.14,0.07,0.00,0.8627765749,0.07258314741,0.4621004652,0,0.1479814928,0.006979888516,0.07259375188,0.006979888516,0.0530515197
2016-12-19,1.350015326,0.0656107764,0.07,0.07,0.00,1.027526855,0.06560635246,0.362976937,0.006976794945,0.1088951211,0,0.06561386337,0.01814479882,0
2016-12-26,1.081973224,0.06839713149,0.09,0.07,0.00,0.7329510689,0.06840115044,0.2917809886,0,0.1298255059,0,0.06840873009,0.05444167476,0.00837004358
2017-01-02,1.382137269,0.04466054051,0.07,0.04,0.01,0.4551236702,0.04465556764,0.3922917158,0.006976794945,0.5556343974,0,0.04467419782,0.02512468734,0.006979888516
2017-01-09,1.509179289,0.06421759886,0.17,0.06,0.00,0.4230140935,0.06421915347,0.4034709077,0.01534078888,0.48305125,0,0.06421643001,0.06281899664,0.006979888516
2017-01-16,1.407267037,0.04048100788,0.12,0.04,0.02,0.3573873411,0.04047357067,0.4439444783,0,0.4621004652,0,0.04048189773,0.03629687594,0
2017-01-23,1.278805553,0.02371030461,0.07,0.02,0.00,0.3336621582,0.02372518281,0.2694430048,0.02790717978,0.3308673603,0.006979888516,0.02372725397,0.03350200922,0
2017-01-30,1.609698363,0.008359065263,0.18,0.01,0.00,0.4690772601,0.00836399394,0.3867021198,0,0.3964737127,0.01395977703,0.00837004358,0.0530515197,0.00837004358
2017-02-06,1.623656425,0.03488201133,0.15,0.03,0.01,0.5947207691,0.03488397472,0.4355804844,0.01395358989,0.1018979262,0,0.03489944258,0.04187933109,0.0153499321
2017-02-13,1.784213565,0.06282442132,0.13,0.06,0.01,0.4509212733,0.06281155449,0.487233247,0,0.04188116965,0.0153499321,0.06281899664,0.06281899664,0
2017-02-20,1.900083879,0.04326736296,0.20,0.04,0.03,0.5570419964,0.04326836865,0.3043473795,0.00836399394,0.127030708,0.00837004358,0.04327676446,0.01954223218,0.02512468734
2017-02-27,1.985251714,0.08514154839,0.27,0.09,0.04,0.60728716,0.0851495383,0.4369676834,0.02931477876,0.2261542361,0.0153499321,0.08515609555,0.03908446437,0
2017-03-06,2.507377856,0.1019122516,0.34,0.10,0.05,0.7455174598,0.1018979262,0.6505759286,0.00836399394,0.2345386301,0.05025665297,0.1019107393,0.04885921961,0.02233709891
2017-03-13,3.265476731,0.07956883821,0.37,0.08,0.12,0.8599817769,0.07955994235,0.6505759286,0.03488397472,0.3378441552,0.01954223218,0.0795736404,0.07399118525,0.03350200922
2017-03-20,3.607514961,0.1200498461,0.35,0.12,0.14,1.121060788,0.120053913,0.6268303458,0.04465556764,0.3936993147,0.03908446437,0.1200628164,0.08236850713,0.02372725397
2017-03-27,5.841278005,0.09492007756,0.48,0.09,0.23,1.753501129,0.09492113122,0.8306669981,0.06142435549,0.4983920389,0.03350200922,0.09493085079,0.1074931945,0.0530515197
2017-04-03,4.865396565,0.1033054292,0.76,0.10,0.45,2.286797543,0.1033055251,1.09033841,0.1856806655,0.7161822811,0.06421643001,0.1033081727,0.09213598407,0.04048189773
2017-04-10,5.211640614,0.1298283753,1.12,0.13,0.40,1.682284781,0.1298255059,1.150375566,0.1633426816,0.8725481678,0.1256452716,0.1298302934,0.245708088,0.06561386337
2017-04-17,5.257694332,0.1186566685,1.16,0.12,0.36,1.743729537,0.118666714,1.270449879,0.2135878452,1.357007017,0.1926565683,0.1186653831,0.1563596924,0.1019107393
2017-04-24,5.707243811,0.1200498461,0.99,0.12,0.48,1.884734234,0.120053913,0.9214265324,0.2080186493,2.94018867,0.2289607226,0.1200628164,0.09353341743,0.1144803613
2017-05-01,6.715247193,0.06001177986,1.26,0.06,0.43,2.095547682,0.06001675651,1.280221472,0.3936993147,8.323561169,0.2820122423,0.06003140822,0.06561386337,0.09493085079
2017-05-08,8.01639616,0.07538930558,2.47,0.08,0.80,1.800951495,0.07537794538,1.174121149,0.05165276257,0.5095712308,1.042885595,0.07538861861,0.1102880612,0.1926565683
2017-05-15,10.10219323,0.07817566067,5.49,0.08,4.03,2.156972037,0.07817274336,1.042888044,0.02790717978,0.2345386301,1.340255048,0.07817620704,0.1577571257,0.3448312389
2017-05-22,10.85048729,0.08934736739,25.83,0.09,0.39,2.043874519,0.08933153527,1.101517602,0.006976794945,0.1451866948,1.841453257,0.08934839564,0.2275632892,0.2359406111
2017-05-29,15.56513153,0.05583224723,3.01,0.06,0.10,1.437974558,0.05583475954,1.059636432,0.117259115,0.07817274336,2.321711801,0.05583910813,0.2471055214,0.2024313236
2017-06-05,19.88048583,0.08374837084,0.47,0.08,0.02,1.425408167,0.08376233931,1.181097944,0.1340075029,0.05583475954,4.265090355,0.08376594049,0.1884715465,0.1061030394
2017-06-12,26.37374464,0.09909961019,0.25,0.10,0.02,1.306741453,0.09910312819,1.155965162,0.0488579646,0.06978834943,0.7999650956,0.09912315088,0.3280838734,0.1270427049
2017-06-19,31.21264455,0.08374837084,0.25,0.08,0.02,1.53150849,0.08376233931,0.971671696,0.06978834943,0.01395358989,0.1340225935,0.08376594049,0.2540854099,0.1884715465
2017-06-26,40.00669664,0.05722542477,0.40,0.06,0.00,1.302559456,0.05722195854,0.9284033273,0.0977159292,0.04326836865,0.05723654149,0.05723654149,0.2233709891,0.08097107376
2017-07-03,47.40044758,0.08795418984,0.15,0.09,0.01,1.225773912,0.08794433628,1.144785971,0.2233594382,0.01534078888,0.03489944258,0.08795096228,0.2554828433,0.1256452716
2017-07-10,66.61917408,0.1730957382,0.14,0.17,0.00,1.355599418,0.1731142746,1.819107482,0.118666714,0.02093038483,0.03489944258,0.1731143361,0.2471055214,0.1144803613
2017-07-17,262.8636875,0.1116644945,0.11,0.11,0.02,1.102904801,0.1116695191,1.823289479,0.1005107272,0.03349677573,0.006979888516,0.1116854946,0.3155142515,0.1074931945
2017-07-24,109.4097286,0.1242293787,0.21,0.12,0.00,1.620860426,0.12423591,2.251893168,0.1619350827,0.05444756055,0.0153499321,0.1242478382,0.4760662439,0.06142156328
2017-07-31,23.13061132,0.234526982,0.12,0.23,0.00,2.337063107,0.2345386301,2.744736411,0.1856806655,0.03908637168,0.006979888516,0.2345431777,1.091744815,0.1423999153
2017-08-07,10.78905605,0.2750079899,0.04,0.28,0.00,5.694696674,0.2750122007,3.86441,0.1982266564,0.01534078888,0.02372725397,0.2750250754,1.817718725,0.2094112121
2017-08-14,3.473480767,0.42999242,0.13,0.43,0.00,4.960338006,0.4299908884,5.482475628,0.2261542361,0,0.03210457585,0.4299946127,2.14301501,0.2568802766
2017-08-21,2.471076381,0.7036335187,0.16,0.70,0.00,4.337669257,0.7036158902,9.681955385,0.4062657056,0.02931477876,0.02931698743,0.7036295331,3.504209723,0.3029519078
2017-08-28,2.653976935,1.10849617,0.27,1.11,0.01,5.292612965,1.108494397,14.06850301,0.6589399226,0.07119594841,0.01954223218,1.108499459,10.71926735,0.6170760042
2017-09-04,2.606503753,1.565011536,0.30,1.57,0.01,8.61254736,1.565025666,15.12675224,0.8948861516,0.03908637168,0.03908446437,1.56502347,4.447979446,1.023336085
2017-09-11,2.975091215,2.000602953,1.16,2.00,0.00,46.42877516,2.00060615,15.41296403,1.437974558,0.04326836865,0.07119631852,2.000607816,1.358407125,1.393306568
2017-09-18,3.014179046,2.464110493,0.58,2.46,0.01,6.508615284,2.464114215,19.52866105,2.772643591,0.1395970989,0.04327676446,2.464118995,0.9619072431,3.465125259
2017-09-25,2.2658587,2.637232518,0.30,2.64,0.01,2.81593236,2.637228489,14.2206869,3.805760042,0.1033055251,0.03350200922,2.637233331,0.6408105365,0.4439543898
2017-10-02,1.351408504,5.569030084,0.26,5.57,0.00,3.021156211,5.569032765,19.27178444,19.48398508,0.2038162523,0.04187933109,5.569048527,0.6533728801,0.1005133059
2017-10-09,2.42641584,10.861659,0.19,10.86,0.03,2.889923106,10.86166613,15.08348387,2.062030506,0.1102823201,0.07259375188,10.86166727,0.661750202,0.2080137787
2017-10-16,2.431988551,30.2423621,0.26,30.24,0.06,3.839277218,30.24236609,18.28893355,0.7329510689,0.1605478837,0.01674736546,30.24235761,0.5458724074,0.245708088
2017-10-23,2.573014919,7.737182351,0.16,7.74,0.02,2.807547966,7.737183994,21.40921329,0.5291144166,0.06560635246,0.06142156328,7.737195502,0.530515197,0.1619421475
2017-10-30,2.85083555,4.854224858,0.15,4.85,0.00,1.726960749,4.854237683,3.424627119,0.2875785916,0.04188116965,0.03489944258,4.854239527,0.2820122423,0.1368174602
2017-11-06,2.718194533,3.75968675,0.09,3.76,0.00,1.171326351,3.759696876,1.35280462,0.1018979262,0,0.02093966555,3.759699845,0.1884715465,0.06979888516
2017-11-13,2.715408178,2.362198241,0.04,2.36,0.01,0.9814432889,2.362195888,1.509170507,0.07119594841,0.00836399394,0.02233709891,2.362200977,0.1717169028,0.1242478382
2017-11-20,2.126251796,1.273232843,0.06,1.27,0.00,0.8236902032,1.273244677,1.696258771,0.01813558686,0.01395358989,0,1.273243751,0.06979888516,0.104705606
2017-11-27,2.013167837,0.7301564648,0.06,0.73,0.01,0.9842380869,0.730156271,1.130832381,0.006976794945,0.01813558686,0,0.7301589321,0.07677877367,0.07259375188
2017-12-04,1.884732639,0.2722216348,0.06,0.27,0.01,0.9479465132,0.2722378027,1.009370869,0.02231758383,0.02651998078,0,0.272237487,0.01395977703,0.02791955406
2017-12-11,1.359793856,0.2568703954,0.04,0.26,0.00,1.552459275,0.2568766139,0.5291144166,0,0.02651998078,0,0.2568802766,0.02233709891,0.04048189773
2017-12-18,1.076374228,0.1730957382,0.06,0.17,0.00,2.173720425,0.1731142746,0.2903733896,0.00836399394,0.08235474033,0,0.1731143361,0.006979888516,0.00837004358
2017-12-25,0.907458022,0.07538930558,0.19,0.08,0.03,1.577592057,0.07537794538,0.1828858675,0.01954318584,0.1368023009,0.0265221207,0.07538861861,0.02233709891,0.00837004358
2018-01-01,1.337450442,0.01813759444,0.13,0.02,0.00,0.7762194376,0.01813558686,0.3280725623,0.03349677573,0.1926574604,0.02931698743,0.01814479882,0.03908446437,0.02372725397
2018-01-08,1.20202307,0,0.11,0.00,0.02,0.5458628045,0,0.3992685107,0.02931477876,0.4955972409,0.03350200922,0,0.05165408634,0.00837004358
2018-01-15,1.218793774,0.01395806181,0.15,0.01,0.01,0.5793799802,0.01395358989,0.4034709077,0.02231758383,0.4997996379,0.03070714249,0.01395977703,0,0.0265221207
2018-01-22,1.255095249,0,0.15,0.00,0.02,0.4523288723,0,0.3308673603,0.02651998078,0.3825201228,0.0265221207,0,0.03629687594,0.00837004358
2018-01-29,1.299755789,0,0.20,0.00,0.00,0.4648952632,0,0.3001449825,0.02093038483,0.2596714119,0.04187933109,0,0,0.1102880612
2018-02-05,1.255095249,0.008359065263,0.28,0.01,0.00,0.3894969178,0.00836399394,0.2792145977,0.03070197775,0.08794433628,0.01116491031,0.00837004358,0.02512468734,0.01674736546
2018-02-12,1.283011372,0,0.19,0.00,0.01,0.4118349016,0,0.2526742169,0.1116695191,0.05583475954,0.02233709891,0,0.006979888516,0.01116491031
2018-02-19,1.693446734,0.006965887719,0.36,0.01,0.01,0.4774616541,0.006976794945,0.4732592571,0.02231758383,0.05165276257,0.04606435288,0.006979888516,0.006979888516,0
2018-02-26,2.215599163,0.006965887719,0.33,0.01,0.00,0.60728716,0.006976794945,0.5263196186,0.1061003231,0.01115879191,0.08236850713,0.006979888516,0.02372725397,0.04606435288
2018-03-05,2.599537865,0.03908783033,0.42,0.04,0.02,0.7720374406,0.03908637168,0.5696083873,0.1088951211,0.09212633325,0.1759019246,0.03908446437,0.05583910813,0.08097107376
2018-03-12,3.869984353,0.04326736296,0.47,0.04,0.09,1.040093246,0.04326836865,0.7608582487,0.1046927241,0.118666714,0.1521746706,0.04327676446,0.05723654149,0.05583910813
2018-03-19,4.38932414,0.1270420202,0.41,0.13,0.11,1.061023631,0.127030708,0.8753429658,0.121441112,0.1563454867,0.154962259,0.1270427049,0.06561386337,0.1116854946
2018-03-26,6.888342931,0.07817566067,0.60,0.08,0.21,1.379345001,0.07817274336,0.851617783,0.2987577835,0.2052238513,0.1926565683,0.07817620704,0.167531881,0.2024313236
2018-04-02,6.260098718,0.08374837084,0.72,0.08,0.31,1.437974558,0.08376233931,1.083361615,0.3364569562,0.3001449825,0.2443106547,0.08376594049,0.1061030394,0.1451875038
2018-04-09,6.148407937,0.08934736739,0.78,0.09,0.64,1.446358952,0.08933153527,1.313718248,0.3448209502,0.480256452,0.3252890067,0.08934839564,0.1493798039,0.08097107376
2018-04-16,6.339693843,0.04048100788,0.91,0.04,0.74,1.231343108,0.04047357067,1.144785971,0.2149954442,0.6854803033,0.3504209723,0.04048189773,0.1074931945,0.1158705163
2018-04-23,5.853842889,0.04187418542,1.01,0.04,0.87,1.396093388,0.04188116965,1.041480445,0.4104477026,1.094540807,0.2973694526,0.04187933109,0.1451875038,0.1019107393
2018-04-30,6.417869503,0.07956883821,2.46,0.08,1.52,1.408659779,0.07955994235,1.135014378,1.017755263,4.269268107,0.3950951702,0.0795736404,0.1228504049,0.08934839564
2018-05-07,8.027567867,0.1326147304,3.37,0.13,5.20,1.562230868,0.1326203039,1.204823127,0.1856806655,1.11826599,0.3853204149,0.1326251601,0.1465849371,0.168922036
2018-05-14,9.049529311,0.09770643265,4.49,0.10,0.54,1.510578105,0.0977159292,1.128037583,0.1661170796,0.1549582877,0.6798950008,0.09772571752,0.1870741132,0.2010338902
2018-05-21,11.35447584,0.136794263,17.06,0.14,0.16,1.376550203,0.1368023009,1.147580769,0.247105021,0.09212633325,0.7636609413,0.1368174602,0.2666550319,0.09632828416
2018-05-28,14.49850955,0.1954391517,2.61,0.20,0.34,1.278813873,0.1954522584,0.9772612919,0.2094058483,0.0851495383,1.072202583,0.195451435,0.231748311,0.04885921961
2018-06-04,19.28573045,0.006965887719,0.36,0.01,0.37,1.340238229,0.006976794945,1.028914054,0.1912498614,0.05722195854,1.401683889,0.006979888516,0.2373307661,0.104705606
2018-06-11,30.16276698,0.02930930116,0.20,0.03,0.07,1.220184316,0.02931477876,1.019142462,0.120053913,0.1479814928,2.627458576,0.02931698743,0.2917797192,0.1633395809
2018-06-18,29.26227484,0.08795418984,0.35,0.09,0.03,0.9353801223,0.08794433628,1.189461938,0.07678554436,0.04606316662,5.246547108,0.08795096228,0.3755456597,0.2094112121
2018-06-25,32.23318653,0.09909961019,0.43,0.10,0.02,0.7734246396,0.09910312819,1.079179618,0.08096754133,0.02931477876,0.9172330453,0.09912315088,0.5542497293,0.2191859673
2018-07-02,54.01935523,0.09213372247,0.29,0.09,0.01,0.8879093567,0.09212633325,1.17271355,0.120053913,0.2066110503,0.4006776253,0.09213598407,0.4942183211,0.2917797192
2018-07-09,117.1329529,0.1046986067,0.23,0.10,0.03,1.260678287,0.1046927241,1.280221472,0.2764197997,0.122848711,0.1898689799,0.104705606,0.6156785708,0.3169116848
2018-07-16,90.23984218,0.1340079079,0.21,0.13,0.07,1.710212361,0.1340075029,1.403070183,0.1382098999,0.05024516359,0.1884715465,0.1340225935,0.9423650109,0.2205834007
2018-07-23,23.14038985,0.1563513213,0.16,0.16,0.02,1.78002111,0.1563454867,1.235545505,0.08376233931,0.07955994235,0.09493085079,0.1563596924,1.34863237,0.2471055214
2018-07-30,10.23341479,0.1856606225,0.23,0.19,0.04,1.967088975,0.1856806655,1.668331191,0.0963287302,0.07817274336,0.1619421475,0.1856766798,3.030931068,0.1703194694
2018-08-06,7.841880958,0.3252675269,0.24,0.33,0.13,3.035109801,0.3252777643,2.536697362,0.120053913,0.07817274336,0.1884715465,0.3252890067,5.680734021,0.1884715465
2018-08-13,4.351629488,0.2722216348,0.21,0.27,0.03,3.571221412,0.2722378027,3.61589738,0.2526742169,0.09910312819,0.1382076153,0.272237487,8.294240098,0.3099317963
2018-08-20,3.55026325,0.3713475314,0.15,0.37,0.01,4.992447583,0.3713613309,4.796995324,0.2652406078,0.06840115044,0.06561386337,0.3713606379,12.13352086,0.5081780981
2018-08-27,3.201259132,0.6994276997,0.26,0.70,0.03,8.634885344,0.6994338932,7.07963127,0.4900280449,0.1116695191,0.1019107393,0.6994445113,45.1820484,0.5207404418
2018-09-03,3.345045569,1.583175417,0.37,1.58,0.07,12.34572425,1.583161253,18.15629284,0.8669789718,0.08235474033,0.08795096228,1.583175547,8.833132617,0.6366182364
2018-09-10,3.398091461,2.270038233,0.65,2.27,0.02,40.60702738,2.270049155,16.99753288,1.235545505,0.05583475954,0.08795096228,2.270057715,3.018368724,0.6100961157
2018-09-17,8.781460922,2.300766998,0.28,2.30,0.02,3.42323992,2.300771533,14.47897111,1.796769498,0.07817274336,0.06840873009,2.300772136,1.659961599,1.069407716
2018-09-24,2.154167919,6.515602222,0.47,6.52,0.01,2.370580282,6.515592079,28.07421486,4.917069637,0.1661170796,0.167531881,6.515605838,0.960517088,0.8990882465
2018-10-01,2.653976935,14.75398677,0.40,14.75,0.05,2.519948974,14.75400371,51.1978429,7.675759638,0.1018979262,0.05444167476,14.75399955,0.530515197,1.095937115
2018-10-08,2.494812972,34.65402966,0.71,34.65,0.05,3.314344799,34.65404649,40.06952857,35.22783688,0.1033055251,0.09912315088,34.65404018,0.4355770679,4.267877943
2018-10-15,3.004400516,8.527376882,0.36,8.53,0.03,2.656771675,8.527377421,10.29485254,3.889522382,0.09073913425,0.08376594049,8.527385843,0.3615858827,0.8348645382
2018-10-22,3.18730107,5.154388903,0.27,5.15,0.01,2.465501414,5.154403065,4.566638691,1.348622623,0.1340075029,0.1144803613,5.154403846,0.2526879765,0.712006855
2018-10-29,2.646984761,6.120491814,0.32,6.12,0.03,2.938781071,6.120505565,2.827091152,0.6393967367,0.05024516359,0.07538861861,6.120510667,0.1884715465,0.6589553353
2018-11-05,3.522347126,6.239174769,0.28,6.24,0.01,1.243909499,6.239172279,2.168130829,0.487233247,0.07678554436,0.06840873009,6.23917605,0.2122060788,0.8209047611
2018-11-12,2.19325575,5.211640614,0.37,5.21,0.03,1.193664335,5.211645424,1.693463973,0.2582638129,0.09212633325,0.08097107376,5.211647666,0.09493085079,0.6896697561
2018-11-19,2.290988469,1.937778532,0.31,1.94,0.00,0.971671696,1.937774196,1.235545505,0.115871916,0.03488397472,0.04467419782,1.93778882,0.1158705163,0.7036295331
2018-11-26,2.095523031,1.241110901,0.34,1.24,0.02,0.9982120767,1.241114701,1.020550061,0.08096754133,0.05583475954,0.02931698743,1.241131897,0.07119631852,0.8404469933
2018-12-03,1.764656507,0.668725221,0.21,0.67,0.01,0.9995992757,0.6687319155,0.6868675023,0.05862955752,0.06142435549,0.01674736546,0.6687300905,0.04187933109,0.6449955583
2018-12-10,1.3570075,0.3922977672,0.26,0.39,0.01,1.278813873,0.3922917158,0.5696083873,0.03070197775,0.04745036562,0.01674736546,0.3923003034,0.00837004358,0.4760662439
2018-12-17,1.081973224,0.3043435774,0.14,0.30,0.02,1.181097944,0.3043473795,0.5207300227,0.00977159292,0.06978834943,0,0.3043493412,0.05025665297,0.3867178483
2018-12-24,0.8934999602,0.2401259785,0.06,0.24,0.01,1.329079437,0.240128226,0.3406389532,0.006976794945,0.1563454867,0.00837004358,0.2401256329,0.006979888516,0.1884715465
2018-12-31,1.013549806,0.1144771359,0.27,0.11,0.02,0.846028187,0.1144643171,0.4174244976,0.05862955752,0.2107930473,0.1019107393,0.1144803613,0.06142156328,0.04467419782
2019-01-07,1.31791967,0.05025953705,0.42,0.05,0.00,0.5542471984,0.05024516359,0.5402732085,0.06142435549,0.7469046588,0.06281899664,0.05025665297,0.08236850713,0.006979888516
2019-01-14,1.326278735,0.02371030461,0.40,0.02,0.00,0.48305125,0.02372518281,0.4746668561,0.0376787727,1.391911391,0.1172679497,0.02372725397,0.07259375188,0.02512468734
2019-01-21,1.700438908,0.07817566067,0.40,0.08,0.02,0.5332964136,0.07817274336,0.5332964136,0.04047357067,1.715801957,0.05863397485,0.07817620704,0.05583910813,0.05583910813
2019-01-28,1.535702235,0.006965887719,0.34,0.01,0.01,0.3755433279,0.006976794945,0.4369676834,0.02790717978,0.851617783,0.03489944258,0.006979888516,0.02931698743,0.05723654149
2019-02-04,1.287190905,0.01674441689,0.30,0.02,0.00,0.4048581067,0.01674838786,0.5193428237,0.1395970989,0.8404385911,0.06281899664,0.01674736546,0.03489944258,0
2019-02-11,1.565011536,0.02371030461,0.55,0.02,0.02,0.6142843549,0.02372518281,0.5905387721,0.03908637168,0.2889861906,0.1005133059,0.02372725397,0.06421643001,0.02931698743
2019-02-18,1.781400924,0.01674441689,0.62,0.02,0.04,0.5723827853,0.01674838786,0.5919463711,0.08235474033,0.1144643171,0.04187933109,0.01674736546,0.04048189773,0.06003140822
2019-02-25,2.074599081,0.01674441689,0.62,0.02,0.04,0.7678554436,0.01674838786,0.7985574214,0.05444756055,0.1647298806,0.07538861861,0.01674736546,0.1088906278,0.00837004358
2019-03-04,2.236549399,0.06421759886,0.71,0.06,0.06,0.6673243165,0.06421915347,0.9130421384,0.0851495383,0.1493686918,0.1116854946,0.06421643001,0.1019107393,0.03070714249
2019-03-11,3.291999677,0.02231712707,0.91,0.02,0.20,0.9158369364,0.02231758383,0.7985574214,0.1479814928,0.1061003231,0.1368174602,0.02233709891,0.3169116848,0.0376943093
2019-03-18,3.338079681,0.08096201575,1.16,0.08,0.20,1.331874235,0.08096754133,1.038685647,0.1661170796,0.04606316662,0.1368174602,0.08097107376,0.1591545591,0.09213598407
2019-03-25,3.79320187,0.1256488426,1.72,0.13,0.32,1.484037725,0.125643509,1.287198267,0.2596714119,0.1549582877,0.1619421475,0.1256452716,0.1605447142,0.06840873009
2019-04-01,4.139419633,0.1465727922,2.67,0.15,0.50,1.852624658,0.1465738938,1.418431372,0.9856456858,0.2917809886,0.308534363,0.1465849371,0.2149936672,0.02791955406
2019-04-08,4.882167268,0.1102713169,4.52,0.11,0.86,2.381739074,0.1102823201,1.750706332,1.372368206,0.3350493572,0.2540854099,0.1102880612,0.2554828433,0.08655352892
2019-04-15,5.305167514,0.1144771359,5.94,0.11,0.98,1.827491876,0.1144643171,1.61527083,0.6338275408,0.485825648,0.2610652984,0.1144803613,0.1340225935,0.05583910813
2019-04-22,5.913880955,0.1465727922,7.11,0.15,0.93,1.640403611,0.1465738938,1.609701634,0.5961283681,0.7120002841,0.2568802766,0.1465849371,0.1326251601,0.154962259
2019-04-29,7.430052419,0.1689162056,9.71,0.17,1.65,2.127657258,0.1689118776,2.035510525,1.316513046,3.324116391,0.2680451869,0.168922036,0.1661344476,0.1312277267
2019-05-06,10.19014742,0.1451796146,12.12,0.15,6.26,2.15276964,0.1451866948,1.652970002,0.5626111924,0.8934989526,0.3783405264,0.1451875038,0.2205834007,0.1298302934
2019-05-13,11.86267021,0.1493591472,17.91,0.15,0.49,1.661354396,0.1493686918,1.700440768,0.2177902422,0.1116695191,0.5319126304,0.1493798039,0.25827771,0.1172679497
2019-05-20,13.61336865,0.1619240315,85.67,0.16,0.17,1.884734234,0.1619350827,1.798177097,0.1982266564,0.0977159292,1.167140712,0.1619421475,0.2750250754,0.1703194694
2019-05-27,15.77313557,0.160530854,6.50,0.16,0.15,1.703235566,0.1605478837,1.856806655,0.1563454867,0.03908637168,1.729767763,0.1605447142,0.3741482263,0.1605447142
2019-06-03,15.83877263,0.08934736739,1.85,0.09,0.12,1.668331191,0.08933153527,1.634834415,0.1591402847,0.04745036562,5.321935727,0.08934839564,0.3643807494,0.2387281995
2019-06-10,23.68764576,0.1465727922,1.22,0.15,0.16,1.664149194,0.1465738938,1.893098228,0.06978834943,0.0251123818,0.8195073278,0.1465849371,0.5263301752,0.2694426203
2019-06-17,28.41346171,0.0307024787,0.59,0.03,0.03,1.330466636,0.03070197775,2.110888471,0.127030708,0.03349677573,0.2820122423,0.03070714249,0.4523317117,0.3406462171
2019-06-24,40.43529588,0.04187418542,0.38,0.04,0.09,1.129445182,0.04188116965,1.605499237,0.1437790958,0.006976794945,0.167531881,0.04187933109,0.4635039003,0.1368174602
2019-07-01,65.60002528,0.02512976853,0.26,0.03,0.01,1.562230868,0.0251123818,1.606906836,0.1703194766,0,0.08376594049,0.02512468734,0.635220803,0.2792173755
2019-07-08,66.13195624,0.0307024787,0.29,0.03,0.03,1.562230868,0.03070197775,1.879144638,0.3057345785,0,0.03070714249,0.03070714249,0.6854847343,0.2540854099
2019-07-15,79.09894308,0.03209565625,0.31,0.03,0.02,1.549664477,0.03210957673,1.792587501,0.1731142746,0,0.04187933109,0.03210457585,0.8278846496,0.1396050486
2019-07-22,69.26618513,0.05025953705,0.22,0.05,0.06,1.778633911,0.05024516359,1.978268167,0.118666714,0.01674838786,0.01395977703,0.05025665297,1.10151957,0.06003140822
2019-07-29,12.45321977,0.1759083797,0.25,0.18,0.01,2.161154034,0.1758886726,2.219783592,0.1814782685,0.01395358989,0.03489944258,0.1759019246,1.95314603,0.1368174602
2019-08-05,5.300987982,0.164736673,0.26,0.16,0.01,2.427802241,0.1647298806,2.947165465,0.2038162523,0,0.0376943093,0.1647370143,4.274857832,0.2163911006
2019-08-12,3.717812564,0.1982255068,0.26,0.20,0.02,3.107713348,0.1982266564,4.386547622,0.3071421775,0.02931477876,0.07399118525,0.1982463018,7.5347569,0.3252890067
2019-08-19,3.664766672,0.3420382302,0.41,0.34,0.02,4.235771331,0.3420261522,6.984689739,0.4467392763,0.04606316662,0.03070714249,0.3420436505,13.05215134,0.4942183211
2019-08-26,3.903499473,0.4718666055,0.72,0.47,0.01,6.588195626,0.4718720581,11.29165702,0.6729139124,0,0.02512468734,0.4718812221,38.53241269,0.8921083579
2019-09-02,3.1747099,0.4369583078,0.39,0.44,0.02,7.741386391,0.4369676834,14.39380117,0.9004757476,0.006976794945,0.02233709891,0.4369745013,4.819340084,1.007978874
2019-09-09,2.612102749,0.4216070684,0.51,0.42,0.00,9.243580102,0.4216064945,19.36531837,2.754508004,0.01954318584,0.01674736546,0.4216172909,1.045673184,1.262071562
2019-09-16,3.483259296,0.998198567,0.44,1.00,0.01,19.75065369,0.9982120767,29.10035452,3.470690285,0.006976794945,0.03070714249,0.9982113973,1.214602498,1.880545
2019-09-23,4.076595211,1.560832004,0.63,1.56,0.02,168.7119578,1.560823269,84.43764002,6.134459155,0.0362915737,0.05025665297,1.560838448,1.009376308,3.314340744
2019-09-30,2.882931206,2.718194533,0.56,2.72,0.02,16.30507579,2.718196031,83.19791252,11.80543065,0.01534078888,0.02372725397,2.718204405,0.6812924342,10.06170217
2019-10-07,3.311530449,3.441385111,0.53,3.44,0.03,5.130657483,3.441375507,24.47086347,53.62009635,0.02931477876,0.02931698743,3.441390727,0.5961290604,1.457530276
2019-10-14,3.580992015,2.912266794,0.49,2.91,0.03,2.92621468,2.91226109,14.63672419,6.258715465,0.01395358989,0.05165408634,2.912265685,0.3950951702,0.9716819983
2019-10-21,3.708034035,1.552446652,0.32,1.55,0.01,2.505995384,1.552459275,9.144456574,1.922413007,0.02931477876,0.03629687594,1.552461127,0.2889921308,1.058242806
2019-10-28,3.243133317,1.028901046,0.41,1.03,0.00,2.235144781,1.028914054,6.599374818,0.9521285101,0.01534078888,0.00837004358,1.028925818,0.2624627318,0.9786618869
2019-11-04,3.099320594,0.664519402,0.26,0.66,0.01,1.837263469,0.6645295185,4.12687621,0.5947207691,0,0.04048189773,0.6645377905,0.2289607226,0.9325902557
2019-11-11,2.806148723,0.4397709492,0.19,0.44,0.00,1.066613227,0.4397624814,2.399895061,0.2610586108,0,0.02372725397,0.439769368,0.1130829279,1.148988635
2019-11-18,2.603717398,0.164736673,0.15,0.16,0.01,1.14619357,0.1647298806,1.507783308,0.1884550635,0.05024516359,0.04048189773,0.1647370143,0.06840873009,0.9800593202
2019-11-25,2.073205903,0.06979030904,0.21,0.07,0.02,1.030321653,0.06978834943,0.9353801223,0.08235474033,0.03349677573,0.0153499321,0.06979888516,0.1465849371,0.9716819983
2019-12-02,1.792572631,0.02652294607,0.13,0.03,0.04,1.199233531,0.02651998078,0.9242009304,0.02231758383,0.0362915737,0.0153499321,0.0265221207,0.07817620704,1.056845372
2019-12-09,1.650179371,0.03908783033,0.17,0.04,0.00,1.357007017,0.03908637168,0.8641841738,0.05862955752,0.06699355146,0.00837004358,0.03908446437,0.03908446437,0.7552908978
2019-12-16,1.509179289,0.02791612361,0.15,0.03,0.00,1.260678287,0.02790717978,0.6408043357,0.01395358989,0.05722195854,0.01256234367,0.02791955406,0.0376943093,0.5095755314
2019-12-23,1.095931286,0.01395806181,0.11,0.01,0.00,1.447746151,0.01395358989,0.5193428237,0.01674838786,0.1591402847,0.02233709891,0.01395977703,0.05723654149,0.2275632892
2019-12-30,1.080580047,0.0516527146,0.15,0.05,0.00,0.9912148818,0.05165276257,0.5807671792,0.06978834943,0.1521634897,0.06142156328,0.05165408634,0.09493085079,0.0530515197
2020-01-06,1.28440455,0.02231712707,0.17,0.02,0.03,0.6435991337,0.02231758383,0.721771877,0.04047357067,0.1046927241,0.07677877367,0.02233709891,0.04327676446,0.03908446437
2020-01-13,1.139198649,0.05304589214,0.16,0.05,0.01,0.6393967367,0.05303996157,1.080566817,0.05303996157,0.09212633325,0.04606435288,0.0530515197,0.006979888516,0.006979888516
2020-01-20,1.061022988,0.03488201133,0.15,0.03,0.00,0.604492362,0.03488397472,0.5374988105,0.1870678645,0.0851495383,0.03489944258,0.03489944258,0.01674736546,0
2020-01-27,1.160148885,0.08653472593,0.21,0.09,0.02,0.5179352247,0.08655713728,0.5388860095,0.01674838786,0.0376787727,0.04327676446,0.08655352892,0.00837004358,0.04467419782
2020-02-03,1.227152839,0.02930930116,0.21,0.03,0.00,0.2359258291,0.02931477876,0.5207300227,0.00977159292,0.01954318584,0.08097107376,0.02931698743,0.04885921961,0
2020-02-10,1.439362694,0.04326736296,0.26,0.04,0.03,0.3043473795,0.04326836865,0.6366223387,0.02231758383,0.02790717978,0.1451875038,0.04327676446,0.05444167476,0.01954223218
2020-02-17,1.310927496,0.07678248312,0.16,0.08,0.04,0.3769305269,0.07678554436,0.4299908884,0.03210957673,0.006976794945,0.090745829,0.07677877367,0.03908446437,0.03070714249
2020-02-24,1.093144931,0.03627518888,0.17,0.04,0.02,0.2596714119,0.0362915737,0.4467392763,0.006976794945,0.01674838786,0.06561386337,0.03629687594,0.03070714249,0.006979888516
2020-03-02,1.303935322,0.03908783033,0.23,0.04,0.00,0.2694430048,0.03908637168,0.5151608267,0.02093038483,0.02372518281,0.09912315088,0.03908446437,0.06003140822,0
2020-03-09,1.573396888,0.05583224723,0.27,0.06,0.04,0.2833965947,0.05583475954,0.6617347205,0.01674838786,0.01534078888,0.07399118525,0.05583910813,0.08376594049,0.04187933109
2020-03-16,1.636221309,0.02652294607,0.39,0.03,0.05,0.3057345785,0.02651998078,0.6812779064,0.00836399394,0.05583475954,0.09632828416,0.0265221207,0.1326251601,0.04048189773
2020-03-23,1.867961936,0.1060917843,0.40,0.11,0.03,0.3713613309,0.1061003231,0.724566675,0.02093038483,0.006976794945,0.06701129673,0.1061030394,0.03350200922,0.03350200922
2020-03-30,1.830267283,0.01813759444,0.51,0.02,0.05,0.2848041936,0.01813558686,0.5891515731,0,0.05303996157,0.06979888516,0.01814479882,0.09353341743,0.03908446437
2020-04-06,4.06263715,0.04466054051,0.41,0.04,0.04,0.241515425,0.04465556764,0.6533707266,0.00836399394,0.02231758383,0.05723654149,0.04467419782,0.06281899664,0.06561386337
2020-04-13,2.737751592,0.02371030461,0.39,0.02,0.05,0.2317438321,0.02372518281,0.8027394184,0.04047357067,0.01395358989,0.07259375188,0.02372725397,0.06701129673,0.0153499321
2020-04-20,2.956927334,0.06979030904,0.58,0.07,0.03,0.3378441552,0.06978834943,0.8655713728,0.0376787727,0.0376787727,0.1507772372,0.06979888516,0.1256452716,0.1144803613
2020-04-27,3.477686586,0.06001177986,0.55,0.06,0.03,0.3434337512,0.06001675651,1.010758068,0.07258314741,0.0977159292,0.1772993579,0.06003140822,0.1214602498,0.03908446437
2020-05-04,4.249717236,0.03769465279,0.67,0.04,0.07,0.364364136,0.0376787727,0.6812779064,0.07537794538,0.05024516359,0.06003140822,0.0376943093,0.1088906278,0.01954223218
2020-05-11,4.024942497,0.02092394953,0.41,0.02,0.03,0.6561655246,0.02093038483,0.8851145587,0.1326203039,0.01534078888,0.04327676446,0.02093966555,0.1102880612,0.09912315088
2020-05-18,4.908690214,0.04466054051,0.50,0.04,0.01,0.4230140935,0.04465556764,0.8530049819,0.05583475954,0.03908637168,0.09213598407,0.04467419782,0.1465849371,0.090745829
2020-05-25,5.71144963,0.03348883379,0.58,0.03,0.02,0.2973501846,0.03349677573,0.9995992757,0.0963287302,0.00836399394,0.07399118525,0.03350200922,0.1759019246,0.06421643001
2020-06-01,8.646059837,0.04048100788,0.52,0.04,0.03,0.2722378027,0.04047357067,1.049864839,0.08235474033,0.006976794945,0.0530515197,0.04048189773,0.2778199422,0.0530515197
2020-06-08,8.213254776,0.05304589214,0.53,0.05,0.01,0.2987577835,0.05303996157,0.8809325617,0.05165276257,0.01254599091,0.09213598407,0.0530515197,0.2638601651,0.08655352892
2020-06-15,8.932239534,0.01674441689,0.57,0.02,0.01,0.3169137704,0.01674838786,0.8139186103,0.06142435549,0.03908637168,0.07399118525,0.01674736546,0.2261658558,0.1633395809
2020-06-22,10.28367432,0.05443906968,0.73,0.05,0.00,6.759922702,0.05444756055,1.005188872,0.0977159292,0.03210957673,0.0265221207,0.05444167476,0.1926565683,0.04187933109
2020-06-29,11.14087281,0.02512976853,0.80,0.03,0.05,4.473104759,0.0251123818,1.030321653,0.117259115,0.006976794945,0.02931698743,0.02512468734,0.2945745859,0.1074931945
2020-07-06,13.66502137,0.05583224723,0.30,0.06,0.06,1.443564154,0.05583475954,1.047070041,0.1870678645,0.01395358989,0.01256234367,0.05583910813,0.3811353931,0.1465849371
2020-07-13,19.4113793,0.03627518888,0.37,0.04,0.07,0.9046577445,0.0362915737,1.016347664,0.08655713728,0.01115879191,0.0153499321,0.03629687594,0.6254533261,0.1326251601
2020-07-20,13.42350221,0.07817566067,0.35,0.08,0.10,0.5975155671,0.07817274336,1.140603974,0.01954318584,0.006976794945,0,0.07817620704,0.4774636773,0.1214602498
2020-07-27,9.091403496,0.04048100788,0.40,0.04,0.03,0.4997996379,0.04047357067,1.15875996,0.03908637168,0.006976794945,0.01256234367,0.04048189773,0.8278846496,0.08515609555
2020-08-03,5.538327605,0.06282442132,0.21,0.06,0.03,0.3378441552,0.06281155449,1.396093388,0.02790717978,0.00836399394,0,0.06281899664,1.206225176,0.07677877367
2020-08-10,5.433628998,0.1493591472,0.34,0.15,0.11,0.360182139,0.1493686918,1.33885103,0.01813558686,0,0,0.1493798039,2.936000217,0.07538861861
2020-08-17,3.005793694,0.117263491,0.35,0.12,0.04,0.3560001421,0.117259115,1.520349698,0.01534078888,0.02093038483,0.0153499321,0.1172679497,6.010215328,0.07677877367
2020-08-24,1.976866362,0.1423932595,1.07,0.14,0.10,0.4062657056,0.1423918968,1.440769356,0,0,0,0.1423999153,9.522809652,0.1354200268
2020-08-31,2.01177466,0.3029503999,0.59,0.30,0.14,0.4244012925,0.3029397805,2.141610848,0.02093038483,0,0.00837004358,0.3029519078,18.24565421,0.2177885339
2020-09-07,2.512976853,0.7985535963,0.37,0.80,0.15,0.4411496804,0.7985574214,3.641030162,0.03908637168,0,0.01674736546,0.7985676622,9.853681113,0.167531881
2020-09-14,2.52972127,11.50946027,0.35,11.51,0.18,0.5737903843,11.50944726,5.574622361,0.02093038483,0.01534078888,0.01395977703,11.50946497,3.372981997,0.09493085079
2020-09-21,2.577194452,2.8717595,0.41,2.87,0.17,0.4565108692,2.871767119,7.008414922,0.07955994235,0.01954318584,0.03629687594,2.871776509,0.7776279967,0.1005133059
2020-09-28,1.820515041,5.006396647,0.46,5.01,0.20,0.3322545593,5.006421573,12.30802508,0.1326203039,0.006976794945,0,5.006421475,0.4244121576,0.07677877367
2020-10-05,2.831278492,11.38241825,0.43,11.38,0.47,0.5291144166,11.38241655,38.56033766,0.4481468753,0.01813558686,0.00837004358,11.38241499,0.4551265784,0.1326251601
2020-10-12,2.250507461,48.983623,0.41,48.98,1.34,0.5626111924,48.98362851,30.17673934,0.0977159292,0.05722195854,0.02931698743,48.98363485,0.3099317963,0.2512978215
2020-10-19,2.582767162,11.80402532,0.11,11.80,0.19,0.5374988105,11.80404345,13.87025595,0.06699355146,0.006976794945,0,11.80403956,0.3448312389,0.8683738257
2020-10-26,2.761488183,7.692521811,0.38,7.69,0.05,1.087543612,7.692508026,6.699885546,0.07678554436,0.00977159292,0.006979888516,7.692521304,0.2512978215,0.7483037309
2020-11-02,2.536713444,6.165178641,0.15,6.17,0.09,0.5123660288,6.165181533,3.469303086,0.03210957673,0,0.0153499321,6.165184865,0.2122060788,0.8739562808
2020-11-09,2.494812972,4.679709656,0.12,4.68,0.13,0.610081958,4.679715809,2.55346615,0.04745036562,0.01115879191,0.006979888516,4.679727757,0.04327676446,0.9898340755
2020-11-16,2.184896684,2.81174772,0.05,2.81,0.29,0.5109584298,2.811729963,1.363983812,0.04606316662,0.006976794945,0.02512468734,2.811745101,0.04467419782,0.8962933797
2020-11-23,2.082958146,1.634828132,0.05,1.63,0.65,0.4188116965,1.634834415,0.6533707266,0.04188116965,0,0.01954223218,1.634829634,0.05723654149,1.160153545
2020-11-30,1.728355032,0.3420382302,0.05,0.34,1.31,0.3085293765,0.3420261522,0.4718720581,0.00977159292,0,0.006979888516,0.3420436505,0.04885921961,0.6017187938
2020-12-07,1.609698363,0.141000082,0.02,0.14,0.25,0.2694430048,0.1410046978,0.4202192955,0.02372518281,0.006976794945,0,0.141002482,0.06979888516,0.5751893948
2020-12-14,1.305354786,0.01953077198,0.04,0.02,0.15,0.3155061714,0.01954318584,0.8585945779,0,0,0.01814479882,0.01954223218,0.01814479882,0.2973694526
2020-12-21,0.9591107366,0.01674441689,0.03,0.02,0.19,0.2694430048,0.01674838786,0.3727485299,0,0,0,0.01674736546,0,0.2624627318
2020-12-28,0.9674960883,0.01674441689,0.00,0.02,0.13,0.2191774412,0.01674838786,0.3196881684,0.00977159292,0.006976794945,0.00837004358,0.01674736546,0.03908446437,0.3099317963
2021-01-04,1.054030814,0.03627518888,0.02,0.04,0.05,0.1898626624,0.0362915737,0.2987577835,0,0,0,0.03629687594,0.00837004358,0.1172679497
2021-01-11,0.8906873188,0.009752242807,0.06,0.01,0.01,0.3210957673,0.00977159292,0.3517977451,0.00836399394,0.006976794945,0,0.009767476943,0.0265221207,0.03210457585
2021-01-18,0.8362482491,0.05304589214,0.01,0.05,0.01,0.4607132662,0.05303996157,0.3978813117,0,0.006976794945,0.01256234367,0.0530515197,0.04467419782,0
2021-01-25,0.8558053074,0.05443906968,0.03,0.05,0.00,0.3922917158,0.05444756055,0.3364569562,0.2317438321,0.006976794945,0.01395977703,0.05444167476,0.01395977703,0.02372725397
2021-02-01,0.8390346042,0.02652294607,0.02,0.03,0.01,0.2945757866,0.02651998078,0.3922917158,0.00836399394,0,0,0.0265221207,0.02512468734,0.1102880612
2021-02-08,0.6966413447,0.006965887719,0.02,0.01,0.00,0.2289490341,0.006976794945,0.2833965947,0,0.03488397472,0.006979888516,0.006979888516,0.01674736546,0.00837004358
2021-02-15,0.8865077861,0.04326736296,0.02,0.04,0.03,0.1954522584,0.04326836865,0.4244012925,0,0.02651998078,0,0.04327676446,0.009767476943,0.01674736546
2021-02-22,0.9772483311,0.03348883379,0.05,0.03,0.02,0.1884550635,0.03349677573,0.481643651,0.0376787727,0.02231758383,0,0.03350200922,0.02233709891,0.0153499321
2021-03-01,1.136412294,0,0.08,0.00,0.04,0.2080186493,0,0.4411496804,0.00836399394,0.02790717978,0.02791955406,0,0.03070714249,0
2021-03-08,1.552446652,0.02371030461,0.13,0.02,0.08,0.3434337512,0.02372518281,0.6687319155,0.00977159292,0.02372518281,0.07259375188,0.02372725397,0.07119631852,0
2021-03-15,1.644606661,0.01395806181,0.12,0.01,0.10,0.2526742169,0.01395358989,0.5514524004,0,0,0.00837004358,0.01395977703,0.03210457585,0
2021-03-22,1.96848101,0.01535123935,0.13,0.02,0.13,0.3350493572,0.01534078888,0.5626111924,0,0.00836399394,0.02791955406,0.0153499321,0.04048189773,0
2021-03-29,2.270038233,0.01256488426,0.19,0.01,0.11,0.2792145977,0.01254599091,0.5793799802,0,0.0376787727,0.02093966555,0.01256234367,0.04187933109,0.01674736546
2021-04-05,2.437587547,0,0.28,0.00,0.07,0.2889861906,0,0.5556343974,0.0376787727,0.0251123818,0.01814479882,0,0.05025665297,0.06701129673
2021-04-12,2.870366322,0.05304589214,0.25,0.05,0.07,0.3867021198,0.05303996157,0.6882751013,0.0362915737,0.1102823201,0.05025665297,0.0530515197,0.07399118525,0.02372725397
2021-04-19,2.753102831,0.06421759886,0.22,0.06,0.10,0.4258088915,0.06421915347,0.6812779064,0.04326836865,0.1130771181,0.04048189773,0.06421643001,0.03629687594,0.06142156328
2021-04-26,2.732152595,0.09074054493,0.21,0.09,0.14,0.7385202649,0.09073913425,0.9814432889,0.01954318584,0.1800910695,0.06421643001,0.090745829,0.03489944258,0.1312277267
2021-05-03,3.060232764,0.03769465279,0.27,0.04,0.09,0.6352147397,0.0376787727,0.8697533698,0.03070197775,0.5235248207,0.09912315088,0.0376943093,0.0530515197,0.02791955406
2021-05-10,4.207843051,0.008359065263,0.24,0.01,0.08,0.5472704035,0.00836399394,0.7078182871,0.06560635246,0.0362915737,0.25827771,0.00837004358,0.03489944258,0.1298302934
2021-05-17,3.879762882,0.04187418542,0.42,0.04,0.03,0.5249324197,0.04188116965,0.7482918578,0.06001675651,0.1465738938,0.2163911006,0.04187933109,0.09632828416,0.07817620704
2021-05-24,4.643434467,0.05583224723,0.32,0.06,0.05,0.5654059903,0.05583475954,1.061023631,0.04606316662,0.06978834943,0.5123631199,0.05583910813,0.1340225935,0.1256452716
2021-05-31,5.164167432,0.05861860232,0.25,0.06,0.01,0.4341728854,0.05862955752,0.7762194376,0.03070197775,0.03070197775,1.10571187,0.05863397485,0.1005133059,0.08655352892
2021-06-07,5.906888781,0.09770643265,0.21,0.10,0.02,0.4662824622,0.0977159292,0.7706298416,0.02231758383,0.01954318584,3.888139983,0.09772571752,0.09772571752,0.2931771526
2021-06-14,6.77107944,0.05861860232,0.41,0.06,0.01,0.488620446,0.05862955752,0.7636530467,0,0.07258314741,0.7189867435,0.05863397485,0.154962259,0.08795096228
2021-06-21,8.752151621,0.09631325511,0.22,0.10,0.01,0.4006761097,0.0963287302,0.9269957283,0.03488397472,0.02093038483,0.1451875038,0.09632828416,0.1465849371,0.05444167476
2021-06-28,9.961166866,0.07678248312,0.20,0.08,0.00,0.5486576025,0.07678554436,0.968876898,0.01954318584,0.00836399394,0.04467419782,0.07677877367,0.1563596924,0.02791955406
2021-07-05,10.5126286,0.06979030904,0.22,0.07,0.03,0.3448209502,0.06978834943,1.585956051,0.05165276257,0.01395358989,0.02093966555,0.06979888516,0.2149936672,0.02931698743
2021-07-12,12.06231518,0.03488201133,0.23,0.03,0.01,0.2275618351,0.03488397472,0.8544125809,0.08235474033,0,0.06281899664,0.03489944258,0.2485029547,0.07677877367
2021-07-19,27.02293909,0.02371030461,0.22,0.02,0.00,0.1814782685,0.02372518281,0.7161822811,0.0376787727,0.01534078888,0.02233709891,0.02372725397,0.6422006915,0
2021-07-26,21.45666908,0.1242293787,0.19,0.12,0.00,0.2052238513,0.12423591,0.6477811306,0.006976794945,0.01534078888,0.00837004358,0.1242478382,0.9074655683,0.01395977703
2021-08-02,6.990281469,0.1284351977,0.17,0.13,0.01,0.3699537319,0.1284383069,1.049864839,0.006976794945,0,0.01116491031,0.1284401383,1.845645557,0.01674736546
2021-08-09,5.063648358,0.1116644945,0.14,0.11,0.00,0.4341728854,0.1116695191,1.143398772,0.01395358989,0.006976794945,0.00837004358,0.1116854946,4.593174228,0.006979888516
2021-08-16,5.254907977,0.1535649662,0.26,0.15,0.01,0.5821543782,0.1535710887,1.336056232,0.01534078888,0.00977159292,0,0.1535648256,6.688720174,0.03489944258
2021-08-23,3.645209614,0.2136030325,0.38,0.21,0.00,0.7092054861,0.2135878452,2.007582945,0.04606316662,0.0251123818,0.04187933109,0.2136035122,14.05176017,0.009767476943
2021-08-30,3.40786999,0.3266869908,0.23,0.33,0.01,3.572608611,0.3266853633,3.195657685,0.09073913425,0.0251123818,0,0.3266864401,9.800629594,0.1368174602
2021-09-06,3.100740058,0.4746529605,0.36,0.47,0.04,3.236151655,0.4746668561,5.337288933,0.05444756055,0.006976794945,0.006979888516,0.4746688106,3.451158204,0.06281899664
2021-09-13,2.727973063,0.5989086256,0.38,0.60,0.02,6.644030386,0.598923166,5.292612965,0.08794433628,0.06699355146,0.00837004358,0.5989239271,1.424020988,0.1423999153
2021-09-20,2.053648845,1.026114691,0.69,1.03,0.02,7.583612905,1.026119257,7.889367884,0.1563454867,0.0251123818,0.03070714249,1.026130951,0.5374950855,0.09493085079
2021-09-27,3.111885478,3.939774662,1.05,3.94,0.43,33.17278316,3.939787945,17.659288,0.1870678645,0.0851495383,0.006979888516,3.93979407,0.4732713772,0.3895054367
2021-10-04,3.291999677,5.939010724,1.28,5.94,0.89,3.5879698,5.939006897,31.73478821,0.2833965947,0.06421915347,0.01674736546,5.939011731,0.2973694526,0.439769368
2021-10-11,2.765667715,20.79772238,3.33,20.80,1.99,1.326284639,20.79772373,16.54938601,0.1772962715,0.07258314741,0.01395977703,20.79773144,0.2889921308,0.4984033428
2021-10-18,2.923412214,3.558648602,17.30,3.56,0.32,1.189461938,3.558655022,15.76896417,0.1577530857,0.02931477876,0.03070714249,3.558658677,0.2052261903,1.148988635
2021-10-25,2.81174772,1.805137515,2.26,1.81,0.18,1.02193726,1.805153892,9.210083327,0.09910312819,0.006976794945,0.04187933109,1.805156381,0.1158705163,1.074997449
2021-11-01,3.384133399,1.703225263,1.24,1.70,0.10,0.8223030042,1.703235566,5.476906432,0.05862955752,0.04326836865,0.00837004358,1.703238364,0.1061030394,1.066620127
2021-11-08,2.591152513,2.286808936,0.76,2.29,0.08,0.6380095377,2.286797543,3.74015369,0.01674838786,0.07119594841,0.00837004358,2.286812359,0.006979888516,0.879538736
2021-11-15,2.619068637,0.5165534323,0.68,0.52,0.02,0.5877439741,0.5165480257,2.768461594,0.0362915737,0.0376787727,0.006979888516,0.51655542,0.03210457585,0.7650583747
2021-11-22,2.552064683,0.3448245853,0.19,0.34,0.02,0.6645295185,0.3448209502,1.595727644,0,0.00836399394,0.03350200922,0.3448312389,0.03489944258,0.8223021945
2021-11-29,2.324503589,0.191259619,0.06,0.19,0.00,0.6812779064,0.1912498614,2.550671352,0.006976794945,0.08235474033,0.01954223218,0.191259135,0.04467419782,0.6673326572
2021-12-06,1.88052682,0.0656107764,0.07,0.07,0.01,0.6840727043,0.06560635246,2.149995242,0.0376787727,0.03349677573,0.01814479882,0.06561386337,0.0153499321,0.4495441232
2021-12-13,1.549660297,0.03769465279,0.04,0.04,0.00,0.4146296996,0.0376787727,0.6254431468,0,0.006976794945,0.006979888516,0.0376943093,0.0153499321,0.2987596077
2021-12-20,1.183885476,0.05443906968,0.05,0.05,0.00,0.7915806265,0.05444756055,0.3504105461,0.01534078888,0,0.01954223218,0.05444167476,0.00837004358,0.2275632892
2021-12-27,1.168534236,0.006965887719,0.03,0.01,0.00,0.2917809886,0.006976794945,0.5221376217,0,0,0.006979888516,0.006979888516,0,0.0153499321
2022-01-03,1.06940834,0.01535123935,0.08,0.02,0.01,0.1423918968,0.01534078888,0.4718720581,0,0.02790717978,0,0.0153499321,0.006979888516,0.006979888516
2022-01-10,1.091751753,0.01114542035,0.04,0.01,0.00,0.1326203039,0.01115879191,0.3839277218,0.00836399394,0,0.02931698743,0.01116491031,0.006979888516,0.006979888516
2022-01-17,1.165721595,0.02512976853,0.12,0.03,0.02,0.1018979262,0.0251123818,0.3517977451,0,0.006976794945,0.006979888516,0.02512468734,0.01674736546,0
2022-01-24,1.097324464,0.006965887719,0.03,0.01,0.01,0.127030708,0.006976794945,0.247105021,0.00836399394,0,0,0.006979888516,0.02372725397,0.05025665297
2022-01-31,0.9577175591,0.02930930116,0.04,0.03,0.00,0.1368023009,0.02931477876,0.2261542361,0,0.01395358989,0,0.02931698743,0,0
2022-02-07,1.241110901,0.01395806181,0.04,0.01,0.00,0.120053913,0.01395358989,0.2708302038,0,0,0.01116491031,0.01395977703,0.03629687594,0
2022-02-14,1.334664087,0.02791612361,0.04,0.03,0.00,0.1326203039,0.02790717978,0.2261542361,5.553691976,0,0.03489944258,0.02791955406,0.006979888516,0
2022-02-21,1.327671913,0.07817566067,0.06,0.08,0.00,0.1898626624,0.07817274336,0.2889861906,0.3867021198,0,0.01814479882,0.07817620704,0.01814479882,0.00837004358
2022-02-28,1.518957818,0.03908783033,0.09,0.04,0.00,0.2303566331,0.03908637168,0.2806017967,0.09353393223,0,0,0.03908446437,0,0.02233709891
2022-03-07,2.015954192,0.01813759444,0.10,0.02,0.04,0.2219722392,0.01813558686,0.3406389532,0.2317438321,0.04047357067,0,0.01814479882,0.01954223218,0.02093966555
2022-03-14,2.585579803,0.02791612361,0.10,0.03,0.03,0.2666482068,0.02790717978,0.4188116965,0.0977159292,0.05165276257,0.009767476943,0.02791955406,0.01395977703,0.01814479882
2022-03-21,2.965312686,0.03627518888,0.15,0.04,0.05,0.4481468753,0.0362915737,0.5319092146,0.01954318584,0.02231758383,0.02512468734,0.03629687594,0.01674736546,0.05863397485
2022-03-28,3.555862246,0.06001177986,0.21,0.06,0.05,0.3881097188,0.06001675651,0.7357458669,0.06699355146,0.02651998078,0.04467419782,0.06003140822,0.06979888516,0.05444167476
2022-04-04,5.306560692,0.06700395395,0.17,0.07,0.04,0.4634876642,0.06699355146,0.8013522194,0.1368023009,0.1046927241,0.07538861861,0.06701129673,0.04606435288,0.06840873009
2022-04-11,6.433220743,0.1214430236,0.20,0.12,0.07,0.4146296996,0.121441112,0.8530049819,0.1326203039,0.1745014736,0.08795096228,0.1214602498,0.01395977703,0.07399118525
2022-04-18,7.043327361,0.09631325511,0.27,0.10,0.08,0.7064106882,0.0963287302,1.125242785,0.3853149208,0.5235248207,0.2163911006,0.09632828416,0.08236850713,0.09632828416
2022-04-25,8.151823532,0.09631325511,0.60,0.10,0.10,0.7343382679,0.0963287302,1.165736755,0.5039816348,1.016347664,0.335063762,0.09632828416,0.090745829,0.08655352892
2022-05-02,9.102575203,0.04187418542,0.56,0.04,0.12,1.270449879,0.04188116965,1.063818429,0.4914152439,3.09096496,0.4216172909,0.04187933109,0.09213598407,0.05025665297
2022-05-09,14.97179562,0.06700395395,1.09,0.07,0.12,1.042888044,0.06699355146,1.340238229,0.4230140935,0.488620446,0.9298026672,0.06701129673,0.1786967913,0.08515609555
2022-05-16,15.53300959,0.1284351977,1.45,0.13,0.07,1.844240264,0.1284383069,1.305354254,0.5263196186,0.3573873411,1.338857614,0.1284401383,0.1382076153,0.1507772372
2022-05-23,17.494551,0.1130839584,1.46,0.11,0.11,1.746503935,0.1130771181,1.301151857,0.367158934,0.2135878452,1.802361515,0.1130829279,0.154962259,0.3197065516
2022-05-30,19.7604097,0.1270420202,1.46,0.13,0.05,1.083361615,0.127030708,1.440769356,0.5374988105,0.1940446594,2.588366833,0.1270427049,0.1493798039,0.1437973487
2022-06-06,26.05683618,0.1046986067,1.40,0.10,0.06,1.31092345,0.1046927241,1.375142604,0.4285832895,0.1410046978,11.48712059,0.104705606,0.2038287569,0.2108086454
2022-06-13,33.12949913,0.2052176808,1.39,0.21,0.09,1.088951211,0.2052238513,1.284403469,0.5696083873,0.120053913,0.7832104518,0.2052261903,0.3294740285,0.1745117695
2022-06-20,44.17684504,0.21499621,1.21,0.21,0.06,0.846028187,0.2149954442,1.153170364,0.4983920389,0.0376787727,0.312726663,0.2149936672,0.2429204996,0.2526879765
2022-06-27,62.66962089,0.1786947348,1.18,0.18,0.05,0.6296251438,0.1786834705,1.331874235,0.4732592571,0.02790717978,0.167531881,0.1786967913,0.3043493412,0.09493085079
2022-07-04,90.45762474,0.2080040359,1.21,0.21,0.07,0.9521285101,0.2080186493,2.142998047,0.4914152439,0.0376787727,0.06561386337,0.2080137787,0.4369745013,0.3518111274
2022-07-11,187.9935114,0.1898664415,1.13,0.19,0.09,1.397480587,0.1898626624,4.56804629,0.5723827853,0.01674838786,0.01116491031,0.1898689799,0.5249327418,0.2136035122
2022-07-18,190.5846639,0.1465727922,1.17,0.15,0.10,1.363983812,0.1465738938,2.526925769,0.5723827853,0.01813558686,0.03070714249,0.1465849371,0.8907109246,0.05165408634
2022-07-25,173.9640821,0.1926527966,1.32,0.19,0.17,1.770249517,0.1926574604,2.383126273,0.6114895569,0.03349677573,0,0.1926565683,1.447755521,0.1242478382
2022-08-01,154.0500812,0.2010381482,1.74,0.20,0.24,1.985244962,0.2010214543,2.910853491,0.720384678,0.02372518281,0,0.2010338902,2.797785324,0.1130829279
2022-08-08,109.5228126,0.2778206313,2.50,0.28,0.20,2.903876696,0.2778069987,3.240333652,0.727361473,0.01813558686,0.006979888516,0.2778199422,4.428429936,0.08097107376
2022-08-15,33.05689618,0.4062558291,3.59,0.41,0.32,3.649394156,0.4062657056,4.598748268,1.074997621,0.04745036562,0.01674736546,0.4062600805,8.273300433,0.1088906278
2022-08-22,7.607353976,0.8837214311,6.54,0.88,0.49,5.50622121,0.8837273597,8.05968736,1.886121433,0.05024516359,0,0.8837310361,14.67582334,0.2289607226
2022-08-29,4.221801112,0.759465766,9.31,0.76,0.78,7.106151251,0.7594710497,10.51961958,2.517154176,0.1033055251,0,0.7594759195,41.44887067,0.272237487
2022-09-05,3.308744094,0.8404277817,9.43,0.84,0.93,8.401733912,0.8404385911,12.19633516,3.06442458,0.3127113734,0.0153499321,0.8404469933,4.325121763,0.4090549472
2022-09-12,4.154797158,1.757690619,19.57,1.76,2.04,25.32807085,1.757683126,22.71597514,6.253125869,0.5416808075,0,1.757687317,3.723402969,0.8418444267
2022-09-19,5.259113796,3.769465279,100.00,3.77,10.52,203.9998522,3.769468469,35.53218425,10.64387589,0.6896623003,0.04187933109,3.7694746,2.596744155,2.144412443
2022-09-26,4.827701912,6.48348028,11.48,6.48,0.87,12.0036777,6.483482502,122.0779587,17.62856563,1.717189156,0.006979888516,6.483493983,1.985250606,3.197072794
2022-10-03,3.621473023,15.32079974,4.35,15.32,0.31,8.0052398,15.3208173,106.6272955,83.71307334,14.92850518,0.01954223218,15.3208189,1.301163305,7.286253946
2022-10-10,3.215217194,45.56876084,1.82,45.57,0.20,6.479300505,45.56877298,35.99707952,9.936057601,5.306566555,0,45.56876624,0.7189867435,1.133631424
2022-10-17,2.81174772,6.648216953,1.35,6.65,0.16,5.811955789,6.648232783,20.58831788,2.990433833,1.224366313,0.006979888516,6.648230998,0.4299946127,0.7622707863
2022-10-24,2.364984597,3.807159932,0.81,3.81,0.10,5.696083873,3.807167641,9.769920121,1.689281976,0.8865221577,0.02372725397,3.80716891,0.3015544744,0.8893134912
2022-10-31,2.025732721,3.137015247,0.42,3.14,0.03,1.528713692,3.137028127,4.9687224,0.8334617961,0.3867021198,0,3.137034107,0.1940540017,1.054050505
2022-11-07,1.981045895,2.522755382,0.30,2.52,0.02,1.267655082,2.522743772,3.191475688,0.4034709077,0.1856806655,0.006979888516,2.52275297,0.08655352892,0.6631476354
2022-11-14,1.9629083,1.080580047,0.37,1.08,0.03,1.157352361,1.080566817,2.487839397,0.244310223,1.880531837,0.01395977703,1.080579904,0.1242478382,0.7497011643
2022-11-21,1.971293652,0.5779846761,0.25,0.58,0.04,0.968876898,0.5779723812,2.102524477,0.07258314741,0.723179476,0.009767476943,0.5779842615,0.06979888516,0.7399336874
2022-11-28,1.725568677,0.2987445809,0.28,0.30,0.05,0.7873986295,0.2987577835,1.045662442,0.09910312819,0.2359258291,0.009767476943,0.2987596077,0.03350200922,0.8404469933
2022-12-05,1.431003628,0.1759083797,0.21,0.18,0.03,0.9381749202,0.1758886726,1.061023631,0.03488397472,0.2233594382,0.009767476943,0.1759019246,0.02512468734,0.9270078005
2022-12-12,1.15736253,0.1144771359,0.23,0.11,0.01,0.6910698993,0.1144643171,0.8907041546,0.02790717978,0.2066110503,0,0.1144803613,0.02372725397,0.6128837041
2022-12-19,1.06940834,0.08795418984,0.10,0.09,0.00,0.9856456858,0.08794433628,0.5430680065,0.04188116965,0.245697422,0.0153499321,0.08795096228,0.02372725397,0.3420436505
2022-12-26,0.9172365512,0.1046986067,0.04,0.10,0.01,1.578979256,0.1046927241,0.3992685107,0.06142435549,0.3099165754,0,0.104705606,0.006979888516,0.09493085079
2023-01-02,1.006583919,0.1088781394,0.20,0.11,0.00,0.5095712308,0.1088951211,0.5388860095,0.04047357067,0.3224829663,0.02372725397,0.1088906278,0,0.02093966555
2023-01-09,1.062416166,0.0614049574,0.07,0.06,0.01,0.3560001421,0.06142435549,0.5640187913,0.01534078888,0.2554690149,0.01814479882,0.06142156328,0.006979888516,0.04746178625
2023-01-16,1.126633765,0.07396984167,0.07,0.07,0.01,0.2833965947,0.07399074639,0.5416808075,0.12423591,0.241515425,0.02372725397,0.07399118525,0.0153499321,0
2023-01-23,1.155969352,0.08795418984,0.11,0.09,0.00,0.4411496804,0.08794433628,0.4146296996,0.0488579646,0.2945757866,0.00837004358,0.08795096228,0,0.02791955406
2023-01-30,1.37235874,0.1102713169,0.14,0.11,0.00,0.4565108692,0.1102823201,0.3448209502,0.2638534088,0.1814782685,0.0265221207,0.1102880612,0.01954223218,0.1493798039
2023-02-06,1.4505344,0.1200498461,0.25,0.12,0.01,0.5277068176,0.120053913,0.488620446,0.1033055251,0.1088951211,0.05583910813,0.1200628164,0.07399118525,0.04327676446
2023-02-13,1.731141387,0.1437864371,0.19,0.14,0.02,0.4313780874,0.1437790958,0.5975155671,0.07817274336,0.1061003231,0.04048189773,0.1437973487,0.09213598407,0
2023-02-20,1.692053557,0.1130839584,0.49,0.11,0.02,0.4634876642,0.1130771181,0.6491683296,0.07678554436,0.1102823201,0.0265221207,0.1130829279,0.04885921961,0.02512468734
2023-02-27,1.788393098,0.1549581438,1.18,0.15,0.04,0.7329510689,0.1549582877,0.7175898801,0.1912498614,0.1116695191,0.04606435288,0.154962259,0.02233709891,0.02233709891
2023-03-06,2.360805064,0.3727407089,0.99,0.37,0.04,1.024732058,0.3727485299,1.1043124,0.1410046978,0.1619350827,0.05583910813,0.3727580713,0.03070714249,0.02931698743
2023-03-13,2.815927253,0.1982255068,0.87,0.20,0.06,1.167123954,0.1982266564,1.023324459,0.2722378027,0.2820093957,0.1019107393,0.1982463018,0.06840873009,0.00837004358
2023-03-20,3.488858293,0.1577444989,1.17,0.16,0.14,1.799564296,0.1577530857,1.355599418,0.3169137704,0.4341728854,0.08376594049,0.1577571257,0.07817620704,0.05583910813
2023-03-27,5.080392775,0.1507786112,1.81,0.15,0.13,1.883326635,0.1507762908,1.425408167,0.8795249627,0.6463939316,0.1828890914,0.1507772372,0.07399118525,0.04606435288
2023-04-03,5.976705377,0.1186566685,2.61,0.12,0.03,1.979655366,0.118666714,1.199233531,1.757683126,1.00798367,0.3895054367,0.1186653831,0.09772571752,0.1326251601
2023-04-10,6.451384624,0.1270420202,2.82,0.13,0.08,1.502193712,0.127030708,0.9870328848,0.4327856864,1.403070183,0.3811353931,0.1270427049,0.1493798039,0.1270427049
2023-04-17,5.36520558,0.2401259785,4.33,0.24,0.07,1.894505827,0.240128226,0.9465389142,0.481643651,2.335675908,0.3197065516,0.2401256329,0.1116854946,0.141002482
2023-04-24,5.619289621,0.1759083797,5.62,0.18,0.10,3.594946595,0.1758886726,1.026119257,0.4607132662,4.069633851,0.3462286723,0.1759019246,0.1759019246,0.168922036
2023-05-01,6.497438342,0.1382137269,7.33,0.14,0.09,2.105319275,0.1382098999,0.9898276828,0.4383752824,16.65409913,0.4090549472,0.1382076153,0.1382076153,0.07119631852
2023-05-08,8.909922407,0.1521717887,14.72,0.15,0.35,3.144004922,0.1521634897,1.386321796,0.6170587529,1.717189156,0.647790425,0.1521746706,0.104705606,0.1717169028
2023-05-15,9.711262358,0.1661298505,72.33,0.17,0.14,3.25710244,0.1661170796,1.135014378,0.5347040126,0.4983920389,0.7022320998,0.1661344476,0.2289607226,0.1786967913
2023-05-22,12.36805193,0.2233552753,5.07,0.22,0.06,4.76209095,0.2233594382,1.081974416,0.367158934,0.3504105461,1.051262917,0.2233709891,0.2624627318,0.1982463018
2023-05-29,15.59165448,0.1759083797,1.81,0.18,0.06,1.914049013,0.1758886726,1.065205628,0.3462285491,0.3155061714,2.103923267,0.1759019246,0.2540854099,0.2485029547
2023-06-05,21.26122992,0.210790391,1.16,0.21,0.04,1.611088833,0.2107930473,1.468696936,0.2833965947,0.1940446594,10.76813385,0.2108086454,0.2540854099,0.2052261903
2023-06-12,21.19701232,0.2415191561,0.67,0.24,0.03,1.644606008,0.241515425,1.270449879,0.368566533,0.24849222,0.9172330453,0.2415230662,0.2610652984,0.2931771526
2023-06-19,25.62963011,0.3057367549,0.66,0.31,0.07,1.383526998,0.3057345785,1.35280462,0.3992685107,0.09492113122,0.3113292297,0.3057394962,0.3518111274,0.2038287569
2023-06-26,27.98346929,0.2540840404,0.40,0.25,0.19,1.144785971,0.2540818159,1.967088975,0.4076529046,0.08235474033,0.1088906278,0.2540854099,0.725966632,0.2512978215
2023-07-03,37.48812079,0.2959582258,0.29,0.30,0.20,1.313718248,0.2959629856,6.73478992,1.031708852,0.06560635246,0.03350200922,0.2959720193,0.8851284694,0.2024313236
2023-07-10,39.61579205,0.3922977672,0.26,0.39,0.18,0.9968044778,0.3922917158,3.391130343,0.2764197997,0.1298255059,0.04048189773,0.3923003034,1.010773741,0.1382076153
2023-07-17,87.472755,0.3280801684,0.19,0.33,0.25,1.202028329,0.3280725623,1.854011857,0.2833965947,0.06421915347,0.009767476943,0.3280838734,1.045673184,0.06003140822
2023-07-24,115.5358194,0.3252675269,0.26,0.33,0.32,1.761865123,0.3252777643,1.817720283,0.3545925431,0.07678554436,0.03489944258,0.3252890067,1.849830579,0.07399118525
2023-07-31,91.44189153,0.4425573043,0.21,0.44,0.40,2.693063249,0.4425572793,1.828879075,0.4746668561,0.1018979262,0.5402899522,0.4425642347,4.255315599,0.1270427049
2023-08-07,23.22834404,0.6561603368,0.18,0.66,0.66,5.697491472,0.6561655246,2.505995384,0.8655713728,0.08794433628,0.3322688952,0.6561677469,5.986480796,0.1745117695
2023-08-14,10.50984224,0.661733047,0.30,0.66,1.00,3.530727442,0.6617347205,3.462326291,1.312331049,0.09492113122,0.04187933109,0.661750202,10.63270654,0.2331457443
2023-08-21,8.739586737,0.9898132153,0.31,0.99,1.31,2.610708508,0.9898276828,5.081799518,1.585956051,0.121441112,0.03210457585,0.9898340755,17.09666557,0.4341869128
2023-08-28,5.108335185,1.548267119,0.58,1.55,2.49,6.074421999,1.548277278,7.942407845,2.293794738,0.1451866948,0.02093966555,1.548276105,68.43831638,0.4970059095
2023-09-04,3.190087425,1.742313094,0.87,1.74,23.33,8.429661492,1.742321938,12.08046325,5.193489437,0.2792145977,0.03210457585,1.742330106,7.015406614,0.5514548625
2023-09-11,3.372961693,1.632041777,0.72,1.63,1.03,10.82257976,1.632039617,15.09325546,5.210237825,0.1954522584,0.02931698743,1.632042045,2.715416817,0.893498513
2023-09-18,3.025350752,2.020133725,1.26,2.02,0.36,12.68777081,2.020149336,18.21633,6.987484537,0.237333428,0.00837004358,2.020157327,1.724185308,1.144803613
2023-09-25,2.141603035,2.338461651,0.77,2.34,0.17,10.52939117,2.338470706,25.42439958,9.524202299,0.35879494,0.009767476943,2.338466445,0.8851284694,1.590155436
2023-10-02,2.250507461,6.070232277,1.04,6.07,0.08,95.77399341,6.070240002,109.6707897,92.30328272,0.7343382679,0,6.070246736,0.7985676622,2.651193108
2023-10-09,2.34824018,17.0170854,1.56,17.02,0.10,23.58434131,17.01707607,89.92154365,9.073260626,0.6338275408,0.009767476943,17.01708465,0.8781413026,12.05533738
2023-10-16,2.42641584,50.33923732,0.75,50.34,0.07,6.778058289,50.33924833,22.33761662,2.089958086,0.8683661708,0.01954223218,50.33924711,0.5640244845,1.136426291
2023-10-23,1.979652717,8.295636255,0.74,8.30,0.02,4.950566413,8.295633589,18.00831135,1.860988652,1.295582661,0.0153499321,8.295637532,0.399280192,0.8921083579
2023-10-30,2.233763044,4.447969029,0.52,4.45,0.02,3.967715525,4.447971977,6.303391433,1.017755263,0.3266853633,0,4.447979446,0.312726663,0.9004856798
2023-11-06,1.876347288,3.137015247,0.35,3.14,0.03,1.971291372,3.137028127,3.025338208,0.4537160713,0.2303566331,0.01954223218,3.137034107,0.167531881,0.8181098944
2023-11-13,1.907049767,1.838652635,0.19,1.84,0.02,1.249499095,1.838650668,2.003400948,0.1954522584,0.1451866948,0.006979888516,1.838665669,0.1368174602,0.6687300905
2023-11-20,1.733954028,1.044278571,0.13,1.04,0.01,0.9730792949,1.044275243,1.20064113,0.07119594841,0.09073913425,0.009767476943,1.044283029,0.08236850713,0.5751893948
2023-11-27,1.602706189,0.7664579401,0.14,0.77,0.01,1.139216775,0.7664478447,1.002394074,0.1591402847,0.122848711,0,0.7664558081,0.06281899664,0.6408105365
2023-12-04,1.343049439,0.6519545178,0.17,0.65,0.01,1.023324459,0.6519631276,0.9409697182,0.1018979262,0.1046927241,0.0153499321,0.6519754468,0.02233709891,0.7273640654
2023-12-11,1.016336161,0.2568703954,0.04,0.26,0.00,0.844640988,0.2568766139,0.6533707266,0.03349677573,0.127030708,0.01954223218,0.2568802766,0.03629687594,0.6128837041
2023-12-18,0.9632902693,0.1382137269,0.31,0.14,0.00,1.253681092,0.1382098999,0.3769305269,0.04047357067,0.1996342554,0.0153499321,0.1382076153,0.04467419782,0.2205834007
2023-12-25,0.7929808861,0.08934736739,0.11,0.09,0.00,1.368165809,0.08933153527,0.3057345785,0.0362915737,0.1898626624,0.006979888516,0.08934839564,0,0.07399118525
2024-01-01,0.8502063109,0.1033054292,0.13,0.10,0.00,0.5737903843,0.1033055251,0.3406389532,0.02651998078,0.2219722392,0,0.1033081727,0.01814479882,0
2024-01-08,1.000984922,0.3448245853,0.16,0.34,0.00,0.5430680065,0.3448209502,0.4690772601,0.03210957673,0.1912498614,0.00837004358,0.3448312389,0.03070714249,0.01674736546
2024-01-15,0.9200229063,0.1116644945,0.28,0.11,0.01,0.4760540551,0.1116695191,0.4676900611,0.02651998078,0.1828858675,0.03210457585,0.1116854946,0.08655352892,0.05863397485
2024-01-22,0.9786415086,0.09492007756,0.19,0.09,0.00,0.4355804844,0.09492113122,0.5668135893,0.06840115044,0.1828858675,0.02791955406,0.09493085079,0.07538861861,0.0153499321
2024-01-29,1.236931368,0.08795418984,0.19,0.09,0.00,0.4607132662,0.08794433628,0.6142843549,0.06281155449,0.120053913,0.01395977703,0.08795096228,0.04746178625,0.09353341743
2024-02-05,1.07498105,0.1158703135,0.19,0.12,0.02,0.3978813117,0.115871916,0.4983920389,0.2652406078,0.1102823201,0.01814479882,0.1158705163,0.04746178625,0.02791955406
2024-02-12,1.271839666,0.1158703135,0.28,0.12,0.01,0.5905387721,0.115871916,0.485825648,0.120053913,0.1061003231,0.01814479882,0.1158705163,0.03350200922,0.03070714249
2024-02-19,1.451927578,0.09770643265,0.30,0.10,0.05,0.6575527236,0.0977159292,0.487233247,0.1451866948,0.127030708,0.03908446437,0.09772571752,0.03350200922,0.03210457585
2024-02-26,1.419831922,0.1619240315,0.37,0.16,0.05,0.8055342163,0.1619350827,0.6170587529,0.117259115,0.1395970989,0.0265221207,0.1619421475,0.06142156328,0.02512468734
2024-03-04,2.014561015,0.1549581438,0.52,0.15,0.12,0.7622658477,0.1549582877,0.6128767559,0.2177902422,0.1982266564,0.0795736404,0.154962259,0.0795736404,0.01814479882
2024-03-11,2.351026535,0.2024313258,0.84,0.20,0.19,1.136421977,0.2024290533,0.9367673213,0.3252777643,0.3224829663,0.1507772372,0.2024313236,0.08376594049,0.05025665297
2024-03-18,2.518549563,0.332259701,1.03,0.33,0.20,1.678102784,0.3322545593,1.026119257,0.3085293765,0.3378441552,0.07677877367,0.3322688952,0.08795096228,0.02512468734
2024-03-25,3.028137107,0.2289542718,1.24,0.23,0.27,2.08436849,0.2289490341,1.012165667,0.4118349016,0.6519631276,0.09772571752,0.2289607226,0.1270427049,0.09213598407
2024-04-01,4.045892733,0.2247484528,1.86,0.22,0.43,2.557648147,0.2247670371,0.8013522194,0.7371330659,1.259270688,0.2024313236,0.2247684225,0.1577571257,0.03210457585
2024-04-08,4.253923055,0.2596567505,2.24,0.26,0.42,2.261685161,0.2596714119,1.033096051,0.4676900611,1.907072218,0.2247684225,0.259667865,0.1270427049,0.03070714249
2024-04-15,5.293995807,0.2415191561,3.14,0.24,0.55,2.422233045,0.241515425,0.9325853243,0.3336621582,3.085375364,0.3155142515,0.2415230662,0.1437973487,0.0530515197
2024-04-22,4.036114204,0.2373133371,5.28,0.24,0.69,6.234990282,0.237333428,0.9311981253,0.3364569562,6.025564034,0.2945745859,0.2373307661,0.1870741132,0.07399118525
2024-04-29,5.684926684,0.2512976853,7.25,0.25,0.91,4.776064939,0.2512870179,1.125242785,0.6812779064,29.74115885,0.4914234543,0.2512978215,0.1759019246,0.04327676446
2024-05-06,6.033930801,0.1968323292,8.97,0.20,1.76,4.478694355,0.1968394574,1.069408025,0.2177902422,8.290043993,0.4830461324,0.1968488684,0.2471055214,0.141002482
2024-05-13,6.523961288,0.1144771359,14.74,0.11,12.41,12.06230726,0.1144643171,1.217389518,0.4006761097,4.244135325,0.6757099791,0.1144803613,0.3546059941,0.1507772372
2024-05-20,7.309976286,0.2303474494,75.11,0.23,0.75,9.133297782,0.2303566331,1.087543612,1.040093246,1.400275385,1.100122137,0.2303508776,1.014966041,0.1828890914
2024-05-27,8.916888294,0.2750079899,4.66,0.28,0.30,3.666162944,0.2750122007,1.013552866,0.5109584298,0.6156715539,2.043891859,0.2750250754,0.4202198575,0.2233709891
2024-06-03,9.969552217,0.2526908628,1.52,0.25,0.09,2.631638893,0.2526742169,1.041480445,0.5067764328,0.5961283681,12.46998206,0.2526879765,0.3587910159,0.154962259
2024-06-10,14.12994837,0.2750079899,0.91,0.28,0.06,2.024331333,0.2750122007,1.00798367,0.5779723812,0.4327856864,0.5207404418,0.2750250754,0.2750250754,0.2247684225
2024-06-17,18.13953963,0.2136030325,0.78,0.21,0.01,1.359801815,0.2135878452,1.045662442,0.3322545593,0.487233247,0.191259135,0.2136035122,0.4551265784,0.2010338902
2024-06-24,20.17087135,0.258263573,0.38,0.26,0.02,1.206230726,0.2582638129,1.35280462,0.600310365,0.2610586108,0.1005133059,0.25827771,0.4984033428,0.104705606
2024-07-01,29.79559898,0.2219620977,0.37,0.22,0.03,1.408659779,0.2219722392,1.302559456,0.2205646402,0.1828858675,0.03070714249,0.2219735557,0.6533728801,0.1033081727
2024-07-08,40.04299811,0.2750079899,0.31,0.28,0.01,1.657172399,0.2750122007,1.618065628,0.2875785916,0.118666714,0.04885921961,0.2750250754,0.7106094216,0.1298302934
2024-07-15,87.49370523,0.2429123336,0.31,0.24,0.03,1.542687682,0.242902624,2.284023145,0.2233594382,0.1395970989,0.02372725397,0.2429204996,1.442173065,0.1423999153
2024-07-22,113.3006632,0.2359201595,0.31,0.24,0.01,4.414475201,0.2359258291,5.677927886,0.2498998189,0.127030708,0.01395977703,0.2359406111,2.237945861,0.1130829279
2024-07-29,118.8264259,0.5025953705,0.38,0.50,0.05,2.256095565,0.5025944358,2.289592341,0.3238905653,0.120053913,0.01395977703,0.5025956429,5.428038766,0.104705606
2024-08-05,21.86713072,0.8139048357,0.32,0.81,0.01,2.103911676,0.8139186103,2.640023287,0.5179352247,0.1116695191,0.0376943093,0.8139248726,9.317583461,0.1507772372
2024-08-12,11.20929623,0.9632902693,0.33,0.96,0.02,2.638615688,0.963307702,3.275238027,0.961900103,0.1074875221,0.1214602498,0.9633046765,12.51605369,0.3071369296
2024-08-19,6.152613756,0.9898132153,0.37,0.99,0.02,3.185886092,0.9898276828,4.041706272,1.453335747,0.1116695191,0.06003140822,0.9898340755,16.67922603,0.3895054367
2024-08-26,4.164549401,1.37235874,0.45,1.37,0.04,4.647606233,1.372368206,6.565857643,2.020149336,0.1745014736,0.009767476943,1.372366902,72.78298765,0.6743125457
2024-09-02,3.254305024,1.44496169,0.74,1.44,0.05,6.719428731,1.444951353,9.490685123,3.621486976,0.1758886726,0.01395977703,1.444960654,6.067459148,0.8516191819
2024-09-09,3.28640068,1.750698445,0.36,1.75,0.03,6.568652441,1.750706332,9.312001653,6.590990424,0.1786834705,0.00837004358,1.750707428,1.708828097,0.8669763923
2024-09-16,2.184896684,2.765667715,0.46,2.77,0.03,13.794878,2.765666796,14.52503428,8.295633589,0.2303566331,0.006979888516,2.765673469,1.28022364,1.513369384
2024-09-23,2.86618679,7.671571575,1.26,7.67,0.05,81.45975218,7.671577641,32.24017744,13.95403869,0.3573873411,0.01674736546,7.671574361,1.347234936,2.130445388
2024-09-30,1.961515123,9.926284854,0.95,9.93,0.05,11.32517419,9.926286008,128.1524011,106.1037503,0.4648952632,0,9.926282144,1.181100489,3.185900605
2024-10-07,2.223984515,18.00689861,0.84,18.01,0.08,10.80581097,18.00692415,81.07443726,5.707263065,0.5682007883,0.02233709891,18.00691873,0.8348645382,20.37470944
2024-10-14,2.542286154,61.83056,0.56,61.83,0.06,5.354037321,61.83056,16.08028835,1.756295927,0.4355804844,0.00837004358,61.83056,0.5598321844,0.9186304786
2024-10-21,2.063427374,10.56288813,0.35,10.56,0.06,4.252519719,10.56290835,8.19789726,1.789792703,0.60728716,0.02512468734,10.56290766,0.3532085608,1.04846805
2024-10-28,2.136030325,5.085991772,0.33,5.09,0.01,4.646219034,5.085981515,5.129270284,0.851617783,0.4216064945,0.01954223218,5.085995116,0.4690863554,0.7357413873
2024-11-04,1.599919834,3.473480767,0.36,3.47,0.00,3.057447785,3.473485083,2.345447501,0.4537160713,0.1800910695,0.006979888516,3.473495303,0.2261658558,0.8739562808
2024-11-11,1.457526575,1.421225099,0.15,1.42,0.01,2.284023145,1.42122617,2.025738932,0.2582638129,0.1088951211,0.006979888516,1.421226122,0.4006776253,0.5333100637
2024-11-18,1.330484554,1.065202521,0.21,1.07,0.00,1.32489744,1.065205628,1.446358952,0.2247670371,0.08794433628,0,1.065222694,0.2359406111,0.5249327418